{"settings":[{"id":"1","purchaseCode":"","previewHeight":"300","tdgn_enabled":"","firstStart":"0"}],"forms":[{"id":"1","title":"My Estimation Form","errorMessage":"You need to select an item to continue","intro_enabled":"1","save_to_cart":"0","save_to_cart_edd":"0","use_paypal":"0","paypal_email":"","paypal_currency":"USD","paypal_useIpn":"0","paypal_useSandbox":"0","paypal_subsFrequency":"1","paypal_subsFrequencyType":"M","paypal_subsMaxPayments":"0","paypal_languagePayment":"","use_stripe":"0","stripe_useSandbox":null,"stripe_secretKey":"","stripe_publishKey":"","stripe_currency":"USD","stripe_subsFrequencyType":"month","isSubscription":"0","subscription_text":"\/month","close_url":"#","btn_step":"NEXT STEP","previous_step":"return to previous step","intro_title":"HOW MUCH TO MAKE IT ?","intro_text":"Easily estimate the cost of a website or a mobile app using this awesome tool.","intro_btn":"GET STARTED","last_title":"Final cost","last_text":"The final estimated price is : ","last_btn":"ORDER MY WEBSITE","last_msg_label":"Do you want to write a message ? ","initial_price":"0","max_price":"4000","succeed_text":"Thanks, we will contact you soon","email_name":"","email":"your.email@email.com","email_adminContent":"<p style=\"text-align: right\">Ref: <strong>[ref]<\/strong><\/p>\n<hr>\n<h2 style=\"color: #008080;\">Information<\/h2>\n\n<hr>\n\n<span style=\"color: #444444;\">[information_content]<\/span><span style=\"color: #444444;\">&nbsp;<\/span>\n\n<hr>\n\n<h2 style=\"color: #008080;\">Project<\/h2>\n\n<hr>\n\n[project_content]\n\n","email_subject":"New order from your website","email_toUser":"1","email_userSubject":"Order confirmation","email_userContent":"<p style=\"text-align: right\">Ref: <strong>[ref]<\/strong><\/p>\n<h2 style=\"color: #008080;\">Information<\/h2>\n\n<hr>\n\n<span style=\"color: #444444;\">[information_content]<\/span><span style=\"color: #444444;\">&nbsp;<\/span>\n\n<hr>\n\n<h2 style=\"color: #008080;\">Project<\/h2>\n\n<hr>\n\n[project_content]\n\n<hr>\n\n<p><span style=\"font-style: italic;\">Thank you for your confidence.<\/span><\/p>","currency":"$","currencyPosition":"left","gravityFormID":"0","animationsSpeed":"0.5","showSteps":"0","qtType":"0","show_initialPrice":"1","ref_root":"A000","current_ref":"4","colorA":"#1ABC9C","colorB":"#34495e","colorC":"#bdc3c7","colorBg":"#ecf0f1","colorSecondary":"#bdc3c7","colorSecondaryTxt":"#ffffff","colorCbCircle":"#7f8c9a","colorCbCircleOn":"#bdc3c7","colorPageBg":"#ffffff","item_pictures_size":"64","hideFinalPrice":"0","priceFontSize":"18","customCss":"#estimation_popup[data-form=\"1\"] #mainPanel .lfb_item.lfb_itemContainer_63 textarea {margin-top:-22px}\n#estimation_popup[data-form=\"1\"] #mainPanel .lfb_item.lfb_itemContainer_63 :not(.switch-animate)>  label {display:none !important;}\n","disableTipMobile":"0","legalNoticeContent":"Lorem ipsum dolor sit amet, consectetur adipiscing elit. Etiam gravida tincidunt orci sed efficitur. Nam eu tristique orci, a dapibus sapien. Morbi at tellus a ipsum tempus dapibus. Nam nec consequat ante. Vivamus eget ullamcorper ante. Phasellus volutpat volutpat tellus, quis rhoncus justo scelerisque sed. Quisque luctus scelerisque est. Proin et mauris in sapien efficitur vestibulum vehicula tempus magna. Praesent commodo varius feugiat. Aliquam euismod nisl a porttitor tincidunt. Nullam nulla leo, feugiat non justo nec, tincidunt ornare dolor. Proin iaculis luctus urna a porta. In in velit ac purus facilisis egestas vitae et arcu. Aliquam commodo mi aliquet quam ultrices finibus.","legalNoticeTitle":"I certify I completely read and I accept the legal notice by validating this form\"","legalNoticeEnable":"0","datepickerLang":"","percentToPay":"100","thousandsSeparator":",","decimalsSeparator":".","millionSeparator":"","useSummary":"0","summary_title":"Summary","summary_description":"Description","summary_quantity":"Quantity","summary_price":"Price","summary_total":"Total :","summary_value":"Information","summary_discount":"Discount :","summary_hideQt":"0","summary_hideZero":"0","summary_hidePrices":"0","summary_hideTotal":"0","summary_hideFinalStep":"1","groupAutoClick":"0","useCoupons":"0","inverseGrayFx":"0","couponText":"Discount coupon code","useMailchimp":"0","mailchimpKey":"","mailchimpList":"","mailchimpOptin":"0","useMailpoet":"0","mailPoetList":"","useGetResponse":"0","getResponseKey":"","getResponseList":"","loadAllPages":"0","filesUpload_text":"Drop files here to upload","filesUploadSize_text":"File is too big (max size: {{maxFilesize}}MB)","filesUploadType_text":"Invalid file type","filesUploadLimit_text":"You can not upload any more files","useGoogleFont":"1","googleFontName":"Lato","analyticsID":"","sendPdfCustomer":"0","sendPdfAdmin":"0","sendContactASAP":"0","showTotalBottom":"0","stripe_label_creditCard":"Credit Card number","stripe_label_cvc":"CVC","stripe_label_expiration":"Expiration date","scrollTopMargin":"0","redirectionDelay":"5","useRedirectionConditions":"0","gmap_key":"","txtDistanceError":"Calculating the distance could not be performed, please verify the input addresses","customJS":"","disableDropdowns":"1","usedCssFile":"","formStyles":"","columnsWidth":"0","inlineLabels":"0","previousStepBtn":"0","alignLeft":"0","totalIsRange":"0","totalRange":"100","labelRangeBetween":"between","labelRangeAnd":"and","useCaptcha":"0","captchaLabel":"Please rewrite the following text in the field","summary_noDecimals":"0","scrollTopPage":"0","stripe_percentToPay":"100","nextStepButtonIcon":"fa-check","previousStepButtonIcon":"fa-arrow-left","finalButtonIcon":"fa-check","introButtonIcon":"fa-thumbs-up","imgIconStyle":"circle","timeModeAM":"1"}],"logs":[],"coupons":[],"steps":[{"id":"1","formID":"1","start":"0","title":"Features","content":"{\"start\":0,\"previewPosX\":\"187\",\"previewPosY\":\"10\",\"actions\":[],\"id\":1}","ordersort":"0","itemRequired":"0","itemDepend":"0","interactions":"","description":"","showInSummary":"1","itemsPerRow":"0","useShowConditions":"0","showConditions":"","showConditionsOperator":"","hideNextStepBtn":"0"},{"id":"2","formID":"1","start":"0","title":"Design","content":"{\"start\":\"0\",\"previewPosX\":\"480\",\"previewPosY\":\"8\",\"actions\":[],\"id\":2}","ordersort":"1","itemRequired":"1","itemDepend":"0","interactions":"","description":"","showInSummary":"1","itemsPerRow":"0","useShowConditions":"0","showConditions":"","showConditionsOperator":"","hideNextStepBtn":"0"},{"id":"5","formID":"1","start":"0","title":"CMS","content":"{\"start\":0,\"previewPosX\":\"780\",\"previewPosY\":\"4\",\"actions\":[],\"id\":5}","ordersort":"2","itemRequired":"1","itemDepend":"0","interactions":"","description":"","showInSummary":"1","itemsPerRow":"0","useShowConditions":"0","showConditions":"","showConditionsOperator":"","hideNextStepBtn":"0"},{"id":"4","formID":"1","start":"0","title":"Last details","content":"{\"start\":\"0\",\"previewPosX\":\"1052\",\"previewPosY\":\"4\",\"actions\":[],\"id\":4}","ordersort":"3","itemRequired":"0","itemDepend":"0","interactions":"","description":"","showInSummary":"1","itemsPerRow":"0","useShowConditions":"0","showConditions":"","showConditionsOperator":"","hideNextStepBtn":"0"},{"id":"9","formID":"1","start":"1","title":"Mobile or website ?","content":"{\"start\":1,\"previewPosX\":\"22\",\"previewPosY\":\"167\",\"actions\":[],\"id\":9}","ordersort":"0","itemRequired":"1","itemDepend":"0","interactions":"","description":"","showInSummary":"1","itemsPerRow":"0","useShowConditions":"0","showConditions":"","showConditionsOperator":"","hideNextStepBtn":"0"},{"id":"10","formID":"4","start":"0","title":"My Step","content":"{\"start\":\"1\",\"previewPosX\":\"720.5\",\"previewPosY\":\"183.5\",\"actions\":[],\"id\":10}","ordersort":"0","itemRequired":"0","itemDepend":"0","interactions":"","description":"","showInSummary":"1","itemsPerRow":"0","useShowConditions":"0","showConditions":"","showConditionsOperator":"","hideNextStepBtn":"0"},{"id":"11","formID":"1","start":"0","title":"Type of application","content":"{\"start\":\"0\",\"previewPosX\":\"270\",\"previewPosY\":\"306\",\"actions\":[],\"id\":11}","ordersort":"0","itemRequired":"1","itemDepend":"0","interactions":"","description":"","showInSummary":"1","itemsPerRow":"0","useShowConditions":"0","showConditions":"","showConditionsOperator":"","hideNextStepBtn":"0"},{"id":"12","formID":"1","start":"0","title":"Game Design","content":"{\"start\":\"0\",\"previewPosX\":\"555\",\"previewPosY\":\"159\",\"actions\":[],\"id\":12}","ordersort":"0","itemRequired":"0","itemDepend":"0","interactions":"","description":"","showInSummary":"1","itemsPerRow":"0","useShowConditions":"0","showConditions":"","showConditionsOperator":"","hideNextStepBtn":"0"},{"id":"13","formID":"1","start":"0","title":"Targeted devices ","content":"{\"start\":\"0\",\"previewPosX\":\"830\",\"previewPosY\":\"301\",\"actions\":[],\"id\":13}","ordersort":"0","itemRequired":"1","itemDepend":"0","interactions":"","description":"","showInSummary":"1","itemsPerRow":"0","useShowConditions":"0","showConditions":"","showConditionsOperator":"","hideNextStepBtn":"0"}],"fields":[],"links":[{"id":"28","formID":"1","originID":"12","destinationID":"13","conditions":"[]","operator":""},{"id":"26","formID":"1","originID":"9","destinationID":"11","conditions":"[{\"interaction\":\"9_24\",\"action\":\"clicked\"}]","operator":""},{"id":"27","formID":"1","originID":"11","destinationID":"12","conditions":"[{\"interaction\":\"11_27\",\"action\":\"clicked\"}]","operator":""},{"id":"25","formID":"1","originID":"1","destinationID":"2","conditions":"[]","operator":""},{"id":"24","formID":"1","originID":"9","destinationID":"1","conditions":"[{\"interaction\":\"9_22\",\"action\":\"clicked\"}]","operator":""},{"id":"23","formID":"1","originID":"2","destinationID":"5","conditions":"[]","operator":""},{"id":"22","formID":"1","originID":"5","destinationID":"4","conditions":"[]","operator":""},{"id":"29","formID":"1","originID":"11","destinationID":"13","conditions":"[]","operator":""},{"id":"1","formID":"2","originID":"22","destinationID":"23","conditions":"[]","operator":""},{"id":"30","formID":"3","originID":"24","destinationID":"25","conditions":"[]","operator":""},{"id":"31","formID":"3","originID":"25","destinationID":"26","conditions":"[]","operator":""},{"id":"32","formID":"3","originID":"27","destinationID":"24","conditions":"[]","operator":""}],"redirections":[],"items":[{"id":"1","title":"E-commerce","description":"","ordersort":"1","image":"uploads\/2017\/05\/cart-69-64.png","imageDes":"","groupitems":"","type":"picture","stepID":"1","formID":"0","price":"500","operation":"+","ischecked":"0","isRequired":"0","quantity_enabled":"0","quantity_max":"0","quantity_min":"0","reduc_enabled":"0","reduc_qt":"0","reduc_value":"0","reducsQt":"","isWooLinked":"0","wooProductID":"0","wooVariation":"0","eddProductID":"0","eddVariation":"0","imageTint":"1","showPrice":"0","useRow":"0","optionsValues":"","urlTarget":"","showInSummary":"1","richtext":"","isHidden":"0","minSize":"0","maxSize":"0","isNumeric":"0","isSinglePrice":"0","maxFiles":"0","allowedFiles":".png,.jpg,.jpeg,.gif,.zip,.rar","useCalculation":"0","calculation":"","fieldType":"","useShowConditions":"0","showConditions":"","showConditionsOperator":"","usePaypalIfChecked":"0","useDistanceAsQt":"0","distanceQt":"","hideQtSummary":"0","defaultValue":"","fileSize":"25","firstValueDisabled":"0","sliderStep":"1","date_allowPast":"0","date_showMonths":"0","date_showYears":"0","shortcode":"","minTime":"","maxTime":"","dontAddToTotal":"0","useCalculationQt":"0","calculationQt":"","placeholder":"","validation":"","validationMin":"0","validationMax":"0","validationCaracts":""},{"id":"2","title":"Blog","description":"","ordersort":"2","image":"uploads\/2017\/05\/google-blog-search-64.png","imageDes":"","groupitems":"","type":"picture","stepID":"1","formID":"0","price":"300","operation":"+","ischecked":"0","isRequired":"0","quantity_enabled":"0","quantity_max":"0","quantity_min":"0","reduc_enabled":"0","reduc_qt":"0","reduc_value":"0","reducsQt":"","isWooLinked":"0","wooProductID":"0","wooVariation":"0","eddProductID":"0","eddVariation":"0","imageTint":"1","showPrice":"0","useRow":"0","optionsValues":"","urlTarget":"","showInSummary":"1","richtext":"","isHidden":"0","minSize":"0","maxSize":"0","isNumeric":"0","isSinglePrice":"0","maxFiles":"0","allowedFiles":".png,.jpg,.jpeg,.gif,.zip,.rar","useCalculation":"0","calculation":"","fieldType":"","useShowConditions":"0","showConditions":"","showConditionsOperator":"","usePaypalIfChecked":"0","useDistanceAsQt":"0","distanceQt":"","hideQtSummary":"0","defaultValue":"","fileSize":"25","firstValueDisabled":"0","sliderStep":"1","date_allowPast":"0","date_showMonths":"0","date_showYears":"0","shortcode":"","minTime":"","maxTime":"","dontAddToTotal":"0","useCalculationQt":"0","calculationQt":"","placeholder":"","validation":"","validationMin":"0","validationMax":"0","validationCaracts":""},{"id":"3","title":"Database","description":"","ordersort":"3","image":"uploads\/2017\/05\/database-64.png","imageDes":"","groupitems":"","type":"picture","stepID":"1","formID":"0","price":"100","operation":"+","ischecked":"0","isRequired":"0","quantity_enabled":"1","quantity_max":"10","quantity_min":"0","reduc_enabled":"0","reduc_qt":"0","reduc_value":"0","reducsQt":"","isWooLinked":"0","wooProductID":"0","wooVariation":"0","eddProductID":"0","eddVariation":"0","imageTint":"1","showPrice":"0","useRow":"0","optionsValues":"","urlTarget":"","showInSummary":"1","richtext":"","isHidden":"0","minSize":"0","maxSize":"0","isNumeric":"0","isSinglePrice":"0","maxFiles":"0","allowedFiles":".png,.jpg,.jpeg,.gif,.zip,.rar","useCalculation":"0","calculation":"","fieldType":"","useShowConditions":"0","showConditions":"","showConditionsOperator":"","usePaypalIfChecked":"0","useDistanceAsQt":"0","distanceQt":"","hideQtSummary":"0","defaultValue":"","fileSize":"25","firstValueDisabled":"0","sliderStep":"1","date_allowPast":"0","date_showMonths":"0","date_showYears":"0","shortcode":"","minTime":"","maxTime":"","dontAddToTotal":"0","useCalculationQt":"0","calculationQt":"","placeholder":"","validation":"","validationMin":"0","validationMax":"0","validationCaracts":""},{"id":"10","title":"Wordpress","description":"","ordersort":"0","image":"uploads\/2017\/05\/wordpress-6-64.png","imageDes":"","groupitems":"cms","type":"picture","stepID":"5","formID":"1","price":"300","operation":"+","ischecked":"0","isRequired":"0","quantity_enabled":"0","quantity_max":"5","quantity_min":"0","reduc_enabled":"0","reduc_qt":"0","reduc_value":"0","reducsQt":"","isWooLinked":"0","wooProductID":"0","wooVariation":"0","eddProductID":"0","eddVariation":"0","imageTint":"1","showPrice":"0","useRow":"0","optionsValues":"","urlTarget":"","showInSummary":"1","richtext":"","isHidden":"0","minSize":"0","maxSize":"0","isNumeric":"0","isSinglePrice":"0","maxFiles":"0","allowedFiles":".png,.jpg,.jpeg,.gif,.zip,.rar","useCalculation":"0","calculation":"","fieldType":"","useShowConditions":"0","showConditions":"","showConditionsOperator":"","usePaypalIfChecked":"0","useDistanceAsQt":"0","distanceQt":"","hideQtSummary":"0","defaultValue":"","fileSize":"25","firstValueDisabled":"0","sliderStep":"1","date_allowPast":"0","date_showMonths":"0","date_showYears":"0","shortcode":"","minTime":"","maxTime":"","dontAddToTotal":"0","useCalculationQt":"0","calculationQt":"","placeholder":"","validation":"","validationMin":"0","validationMax":"0","validationCaracts":""},{"id":"5","title":"Analytics","description":"","ordersort":"0","image":"uploads\/2017\/05\/line-64.png","imageDes":"","groupitems":"","type":"picture","stepID":"1","formID":"1","price":"150","operation":"+","ischecked":"0","isRequired":"0","quantity_enabled":"0","quantity_max":"0","quantity_min":"0","reduc_enabled":"0","reduc_qt":"0","reduc_value":"0","reducsQt":"","isWooLinked":"0","wooProductID":"0","wooVariation":"0","eddProductID":"0","eddVariation":"0","imageTint":"1","showPrice":"0","useRow":"0","optionsValues":"","urlTarget":"","showInSummary":"1","richtext":"","isHidden":"0","minSize":"0","maxSize":"0","isNumeric":"0","isSinglePrice":"0","maxFiles":"0","allowedFiles":".png,.jpg,.jpeg,.gif,.zip,.rar","useCalculation":"0","calculation":"","fieldType":"","useShowConditions":"0","showConditions":"","showConditionsOperator":"","usePaypalIfChecked":"0","useDistanceAsQt":"0","distanceQt":"","hideQtSummary":"0","defaultValue":"","fileSize":"25","firstValueDisabled":"0","sliderStep":"1","date_allowPast":"0","date_showMonths":"0","date_showYears":"0","shortcode":"","minTime":"","maxTime":"","dontAddToTotal":"0","useCalculationQt":"0","calculationQt":"","placeholder":"","validation":"","validationMin":"0","validationMax":"0","validationCaracts":""},{"id":"6","title":"Mobile","description":"","ordersort":"0","image":"uploads\/2017\/05\/mobile-phone-8-64.png","imageDes":"","groupitems":"design","type":"picture","stepID":"2","formID":"0","price":"400","operation":"+","ischecked":"0","isRequired":"0","quantity_enabled":"0","quantity_max":"0","quantity_min":"0","reduc_enabled":"0","reduc_qt":"0","reduc_value":"0","reducsQt":"","isWooLinked":"0","wooProductID":"0","wooVariation":"0","eddProductID":"0","eddVariation":"0","imageTint":"1","showPrice":"0","useRow":"0","optionsValues":"","urlTarget":"","showInSummary":"1","richtext":"","isHidden":"0","minSize":"0","maxSize":"0","isNumeric":"0","isSinglePrice":"0","maxFiles":"0","allowedFiles":".png,.jpg,.jpeg,.gif,.zip,.rar","useCalculation":"0","calculation":"","fieldType":"","useShowConditions":"0","showConditions":"","showConditionsOperator":"","usePaypalIfChecked":"0","useDistanceAsQt":"0","distanceQt":"","hideQtSummary":"0","defaultValue":"","fileSize":"25","firstValueDisabled":"0","sliderStep":"1","date_allowPast":"0","date_showMonths":"0","date_showYears":"0","shortcode":"","minTime":"","maxTime":"","dontAddToTotal":"0","useCalculationQt":"0","calculationQt":"","placeholder":"","validation":"","validationMin":"0","validationMax":"0","validationCaracts":""},{"id":"7","title":"Desktop","description":"","ordersort":"1","image":"uploads\/2017\/05\/laptop-64.png","imageDes":"","groupitems":"design","type":"picture","stepID":"2","formID":"0","price":"0","operation":"+","ischecked":"1","isRequired":"0","quantity_enabled":"0","quantity_max":"0","quantity_min":"0","reduc_enabled":"0","reduc_qt":"0","reduc_value":"0","reducsQt":"","isWooLinked":"0","wooProductID":"0","wooVariation":"0","eddProductID":"0","eddVariation":"0","imageTint":"1","showPrice":"0","useRow":"0","optionsValues":"","urlTarget":"","showInSummary":"1","richtext":"","isHidden":"0","minSize":"0","maxSize":"0","isNumeric":"0","isSinglePrice":"0","maxFiles":"0","allowedFiles":".png,.jpg,.jpeg,.gif,.zip,.rar","useCalculation":"0","calculation":"","fieldType":"","useShowConditions":"0","showConditions":"","showConditionsOperator":"","usePaypalIfChecked":"0","useDistanceAsQt":"0","distanceQt":"","hideQtSummary":"0","defaultValue":"","fileSize":"25","firstValueDisabled":"0","sliderStep":"1","date_allowPast":"0","date_showMonths":"0","date_showYears":"0","shortcode":"","minTime":"","maxTime":"","dontAddToTotal":"0","useCalculationQt":"0","calculationQt":"","placeholder":"","validation":"","validationMin":"0","validationMax":"0","validationCaracts":""},{"id":"11","title":"Joomla","description":"","ordersort":"1","image":"uploads\/2017\/05\/joomla-64.png","imageDes":"","groupitems":"cms","type":"picture","stepID":"5","formID":"0","price":"400","operation":"+","ischecked":"0","isRequired":"0","quantity_enabled":"0","quantity_max":"0","quantity_min":"0","reduc_enabled":"0","reduc_qt":"0","reduc_value":"0","reducsQt":"","isWooLinked":"0","wooProductID":"0","wooVariation":"0","eddProductID":"0","eddVariation":"0","imageTint":"1","showPrice":"0","useRow":"0","optionsValues":"","urlTarget":"","showInSummary":"1","richtext":"","isHidden":"0","minSize":"0","maxSize":"0","isNumeric":"0","isSinglePrice":"0","maxFiles":"0","allowedFiles":".png,.jpg,.jpeg,.gif,.zip,.rar","useCalculation":"0","calculation":"","fieldType":"","useShowConditions":"0","showConditions":"","showConditionsOperator":"","usePaypalIfChecked":"0","useDistanceAsQt":"0","distanceQt":"","hideQtSummary":"0","defaultValue":"","fileSize":"25","firstValueDisabled":"0","sliderStep":"1","date_allowPast":"0","date_showMonths":"0","date_showYears":"0","shortcode":"","minTime":"","maxTime":"","dontAddToTotal":"0","useCalculationQt":"0","calculationQt":"","placeholder":"","validation":"","validationMin":"0","validationMax":"0","validationCaracts":""},{"id":"9","title":"Responsive","description":"","ordersort":"2","image":"uploads\/2017\/05\/responsive.png","imageDes":"","groupitems":"design","type":"picture","stepID":"2","formID":"0","price":"900","operation":"+","ischecked":"0","isRequired":"0","quantity_enabled":"0","quantity_max":"0","quantity_min":"0","reduc_enabled":"0","reduc_qt":"0","reduc_value":"0","reducsQt":"","isWooLinked":"0","wooProductID":"0","wooVariation":"0","eddProductID":"0","eddVariation":"0","imageTint":"1","showPrice":"0","useRow":"0","optionsValues":"","urlTarget":"","showInSummary":"1","richtext":"","isHidden":"0","minSize":"0","maxSize":"0","isNumeric":"0","isSinglePrice":"0","maxFiles":"0","allowedFiles":".png,.jpg,.jpeg,.gif,.zip,.rar","useCalculation":"0","calculation":"","fieldType":"","useShowConditions":"0","showConditions":"","showConditionsOperator":"","usePaypalIfChecked":"0","useDistanceAsQt":"0","distanceQt":"","hideQtSummary":"0","defaultValue":"","fileSize":"25","firstValueDisabled":"0","sliderStep":"1","date_allowPast":"0","date_showMonths":"0","date_showYears":"0","shortcode":"","minTime":"","maxTime":"","dontAddToTotal":"0","useCalculationQt":"0","calculationQt":"","placeholder":"","validation":"","validationMin":"0","validationMax":"0","validationCaracts":""},{"id":"14","title":"OSCommerce","description":"","ordersort":"3","image":"uploads\/2017\/05\/oscommerce.png","imageDes":"","groupitems":"cms","type":"picture","stepID":"5","formID":"0","price":"800","operation":"+","ischecked":"0","isRequired":"0","quantity_enabled":"0","quantity_max":"0","quantity_min":"0","reduc_enabled":"0","reduc_qt":"0","reduc_value":"0","reducsQt":"","isWooLinked":"0","wooProductID":"0","wooVariation":"0","eddProductID":"0","eddVariation":"0","imageTint":"1","showPrice":"0","useRow":"0","optionsValues":"","urlTarget":"","showInSummary":"1","richtext":"","isHidden":"0","minSize":"0","maxSize":"0","isNumeric":"0","isSinglePrice":"0","maxFiles":"0","allowedFiles":".png,.jpg,.jpeg,.gif,.zip,.rar","useCalculation":"0","calculation":"","fieldType":"","useShowConditions":"0","showConditions":"","showConditionsOperator":"","usePaypalIfChecked":"0","useDistanceAsQt":"0","distanceQt":"","hideQtSummary":"0","defaultValue":"","fileSize":"25","firstValueDisabled":"0","sliderStep":"1","date_allowPast":"0","date_showMonths":"0","date_showYears":"0","shortcode":"","minTime":"","maxTime":"","dontAddToTotal":"0","useCalculationQt":"0","calculationQt":"","placeholder":"","validation":"","validationMin":"0","validationMax":"0","validationCaracts":""},{"id":"13","title":"Prestashop","description":"","ordersort":"2","image":"uploads\/2017\/05\/prestashop.png","imageDes":"","groupitems":"cms","type":"picture","stepID":"5","formID":"0","price":"600","operation":"+","ischecked":"0","isRequired":"0","quantity_enabled":"0","quantity_max":"0","quantity_min":"0","reduc_enabled":"0","reduc_qt":"0","reduc_value":"0","reducsQt":"","isWooLinked":"0","wooProductID":"0","wooVariation":"0","eddProductID":"0","eddVariation":"0","imageTint":"1","showPrice":"0","useRow":"0","optionsValues":"","urlTarget":"","showInSummary":"1","richtext":"","isHidden":"0","minSize":"0","maxSize":"0","isNumeric":"0","isSinglePrice":"0","maxFiles":"0","allowedFiles":".png,.jpg,.jpeg,.gif,.zip,.rar","useCalculation":"0","calculation":"","fieldType":"","useShowConditions":"0","showConditions":"","showConditionsOperator":"","usePaypalIfChecked":"0","useDistanceAsQt":"0","distanceQt":"","hideQtSummary":"0","defaultValue":"","fileSize":"25","firstValueDisabled":"0","sliderStep":"1","date_allowPast":"0","date_showMonths":"0","date_showYears":"0","shortcode":"","minTime":"","maxTime":"","dontAddToTotal":"0","useCalculationQt":"0","calculationQt":"","placeholder":"","validation":"","validationMin":"0","validationMax":"0","validationCaracts":""},{"id":"15","title":"Drupal","description":"","ordersort":"2","image":"uploads\/2017\/05\/drupal.png","imageDes":"","groupitems":"cms","type":"picture","stepID":"5","formID":"0","price":"500","operation":"+","ischecked":"0","isRequired":"0","quantity_enabled":"0","quantity_max":"0","quantity_min":"0","reduc_enabled":"0","reduc_qt":"0","reduc_value":"0","reducsQt":"","isWooLinked":"0","wooProductID":"0","wooVariation":"0","eddProductID":"0","eddVariation":"0","imageTint":"1","showPrice":"0","useRow":"0","optionsValues":"","urlTarget":"","showInSummary":"1","richtext":"","isHidden":"0","minSize":"0","maxSize":"0","isNumeric":"0","isSinglePrice":"0","maxFiles":"0","allowedFiles":".png,.jpg,.jpeg,.gif,.zip,.rar","useCalculation":"0","calculation":"","fieldType":"","useShowConditions":"0","showConditions":"","showConditionsOperator":"","usePaypalIfChecked":"0","useDistanceAsQt":"0","distanceQt":"","hideQtSummary":"0","defaultValue":"","fileSize":"25","firstValueDisabled":"0","sliderStep":"1","date_allowPast":"0","date_showMonths":"0","date_showYears":"0","shortcode":"","minTime":"","maxTime":"","dontAddToTotal":"0","useCalculationQt":"0","calculationQt":"","placeholder":"","validation":"","validationMin":"0","validationMax":"0","validationCaracts":""},{"id":"16","title":"Flat Design ?","description":"","ordersort":"4","image":"","imageDes":"","groupitems":"","type":"checkbox","stepID":"2","formID":"0","price":"100","operation":"+","ischecked":"0","isRequired":"0","quantity_enabled":"0","quantity_max":"0","quantity_min":"0","reduc_enabled":"0","reduc_qt":"0","reduc_value":"0","reducsQt":"","isWooLinked":"0","wooProductID":"0","wooVariation":"0","eddProductID":"0","eddVariation":"0","imageTint":"1","showPrice":"0","useRow":"1","optionsValues":"","urlTarget":"","showInSummary":"1","richtext":"","isHidden":"0","minSize":"0","maxSize":"0","isNumeric":"0","isSinglePrice":"0","maxFiles":"0","allowedFiles":".png,.jpg,.jpeg,.gif,.zip,.rar","useCalculation":"0","calculation":"","fieldType":"","useShowConditions":"0","showConditions":"","showConditionsOperator":"","usePaypalIfChecked":"0","useDistanceAsQt":"0","distanceQt":"","hideQtSummary":"0","defaultValue":"","fileSize":"25","firstValueDisabled":"0","sliderStep":"1","date_allowPast":"0","date_showMonths":"0","date_showYears":"0","shortcode":"","minTime":"","maxTime":"","dontAddToTotal":"0","useCalculationQt":"0","calculationQt":"","placeholder":"","validation":"","validationMin":"0","validationMax":"0","validationCaracts":""},{"id":"17","title":"Retina support","description":"","ordersort":"5","image":"","imageDes":"","groupitems":"","type":"checkbox","stepID":"2","formID":"0","price":"150","operation":"+","ischecked":"0","isRequired":"0","quantity_enabled":"0","quantity_max":"0","quantity_min":"0","reduc_enabled":"0","reduc_qt":"0","reduc_value":"0","reducsQt":"","isWooLinked":"0","wooProductID":"0","wooVariation":"0","eddProductID":"0","eddVariation":"0","imageTint":"1","showPrice":"0","useRow":"1","optionsValues":"","urlTarget":"","showInSummary":"1","richtext":"","isHidden":"0","minSize":"0","maxSize":"0","isNumeric":"0","isSinglePrice":"0","maxFiles":"0","allowedFiles":".png,.jpg,.jpeg,.gif,.zip,.rar","useCalculation":"0","calculation":"","fieldType":"","useShowConditions":"0","showConditions":"","showConditionsOperator":"","usePaypalIfChecked":"0","useDistanceAsQt":"0","distanceQt":"","hideQtSummary":"0","defaultValue":"","fileSize":"25","firstValueDisabled":"0","sliderStep":"1","date_allowPast":"0","date_showMonths":"0","date_showYears":"0","shortcode":"","minTime":"","maxTime":"","dontAddToTotal":"0","useCalculationQt":"0","calculationQt":"","placeholder":"","validation":"","validationMin":"0","validationMax":"0","validationCaracts":""},{"id":"18","title":"Delivery less than 30 days","description":"","ordersort":"0","image":"","imageDes":"","groupitems":"","type":"checkbox","stepID":"4","formID":"0","price":"450","operation":"+","ischecked":"0","isRequired":"0","quantity_enabled":"0","quantity_max":"0","quantity_min":"0","reduc_enabled":"0","reduc_qt":"0","reduc_value":"0","reducsQt":"","isWooLinked":"0","wooProductID":"0","wooVariation":"0","eddProductID":"0","eddVariation":"0","imageTint":"1","showPrice":"0","useRow":"1","optionsValues":"","urlTarget":"","showInSummary":"1","richtext":"","isHidden":"0","minSize":"0","maxSize":"0","isNumeric":"0","isSinglePrice":"0","maxFiles":"0","allowedFiles":".png,.jpg,.jpeg,.gif,.zip,.rar","useCalculation":"0","calculation":"","fieldType":"","useShowConditions":"0","showConditions":"","showConditionsOperator":"","usePaypalIfChecked":"0","useDistanceAsQt":"0","distanceQt":"","hideQtSummary":"0","defaultValue":"","fileSize":"25","firstValueDisabled":"0","sliderStep":"1","date_allowPast":"0","date_showMonths":"0","date_showYears":"0","shortcode":"","minTime":"","maxTime":"","dontAddToTotal":"0","useCalculationQt":"0","calculationQt":"","placeholder":"","validation":"","validationMin":"0","validationMax":"0","validationCaracts":""},{"id":"19","title":"Search Engine Optimization","description":"","ordersort":"1","image":"","imageDes":"","groupitems":"","type":"checkbox","stepID":"4","formID":"0","price":"250","operation":"+","ischecked":"0","isRequired":"0","quantity_enabled":"0","quantity_max":"0","quantity_min":"0","reduc_enabled":"0","reduc_qt":"0","reduc_value":"0","reducsQt":"","isWooLinked":"0","wooProductID":"0","wooVariation":"0","eddProductID":"0","eddVariation":"0","imageTint":"1","showPrice":"0","useRow":"1","optionsValues":"","urlTarget":"","showInSummary":"1","richtext":"","isHidden":"0","minSize":"0","maxSize":"0","isNumeric":"0","isSinglePrice":"0","maxFiles":"0","allowedFiles":".png,.jpg,.jpeg,.gif,.zip,.rar","useCalculation":"0","calculation":"","fieldType":"","useShowConditions":"0","showConditions":"","showConditionsOperator":"","usePaypalIfChecked":"0","useDistanceAsQt":"0","distanceQt":"","hideQtSummary":"0","defaultValue":"","fileSize":"25","firstValueDisabled":"0","sliderStep":"1","date_allowPast":"0","date_showMonths":"0","date_showYears":"0","shortcode":"","minTime":"","maxTime":"","dontAddToTotal":"0","useCalculationQt":"0","calculationQt":"","placeholder":"","validation":"","validationMin":"0","validationMax":"0","validationCaracts":""},{"id":"20","title":"Have you a dog at home ?","description":"","ordersort":"2","image":"","imageDes":"","groupitems":"","type":"checkbox","stepID":"4","formID":"0","price":"-250","operation":"+","ischecked":"0","isRequired":"0","quantity_enabled":"0","quantity_max":"0","quantity_min":"0","reduc_enabled":"0","reduc_qt":"0","reduc_value":"0","reducsQt":"","isWooLinked":"0","wooProductID":"0","wooVariation":"0","eddProductID":"0","eddVariation":"0","imageTint":"1","showPrice":"0","useRow":"1","optionsValues":"","urlTarget":"","showInSummary":"1","richtext":"","isHidden":"0","minSize":"0","maxSize":"0","isNumeric":"0","isSinglePrice":"0","maxFiles":"0","allowedFiles":".png,.jpg,.jpeg,.gif,.zip,.rar","useCalculation":"0","calculation":"","fieldType":"","useShowConditions":"0","showConditions":"","showConditionsOperator":"","usePaypalIfChecked":"0","useDistanceAsQt":"0","distanceQt":"","hideQtSummary":"0","defaultValue":"","fileSize":"25","firstValueDisabled":"0","sliderStep":"1","date_allowPast":"0","date_showMonths":"0","date_showYears":"0","shortcode":"","minTime":"","maxTime":"","dontAddToTotal":"0","useCalculationQt":"0","calculationQt":"","placeholder":"","validation":"","validationMin":"0","validationMax":"0","validationCaracts":""},{"id":"21","title":"ergerger","description":"","ordersort":"0","image":"","imageDes":"","groupitems":"","type":"picture","stepID":"10","formID":"4","price":"0","operation":"+","ischecked":"0","isRequired":"0","quantity_enabled":"1","quantity_max":"5","quantity_min":"0","reduc_enabled":"1","reduc_qt":"0","reduc_value":"0","reducsQt":"1|10.00","isWooLinked":"0","wooProductID":"0","wooVariation":"0","eddProductID":"0","eddVariation":"0","imageTint":"1","showPrice":"0","useRow":"0","optionsValues":"","urlTarget":"","showInSummary":"1","richtext":"","isHidden":"0","minSize":"0","maxSize":"0","isNumeric":"0","isSinglePrice":"0","maxFiles":"0","allowedFiles":".png,.jpg,.jpeg,.gif,.zip,.rar","useCalculation":"0","calculation":"","fieldType":"","useShowConditions":"0","showConditions":"","showConditionsOperator":"","usePaypalIfChecked":"0","useDistanceAsQt":"0","distanceQt":"","hideQtSummary":"0","defaultValue":"","fileSize":"25","firstValueDisabled":"0","sliderStep":"1","date_allowPast":"0","date_showMonths":"0","date_showYears":"0","shortcode":"","minTime":"","maxTime":"","dontAddToTotal":"0","useCalculationQt":"0","calculationQt":"","placeholder":"","validation":"","validationMin":"0","validationMax":"0","validationCaracts":""},{"id":"22","title":"Website","description":"","ordersort":"0","image":"uploads\/2017\/05\/desktop-2-64.png","imageDes":"","groupitems":"web_or_website","type":"picture","stepID":"9","formID":"1","price":"0","operation":"+","ischecked":"0","isRequired":"0","quantity_enabled":"0","quantity_max":"5","quantity_min":"0","reduc_enabled":"0","reduc_qt":"0","reduc_value":"0","reducsQt":"","isWooLinked":"0","wooProductID":"0","wooVariation":"0","eddProductID":"0","eddVariation":"0","imageTint":"1","showPrice":"0","useRow":"0","optionsValues":"","urlTarget":"","showInSummary":"1","richtext":"","isHidden":"0","minSize":"0","maxSize":"0","isNumeric":"0","isSinglePrice":"0","maxFiles":"0","allowedFiles":".png,.jpg,.jpeg,.gif,.zip,.rar","useCalculation":"0","calculation":"","fieldType":"","useShowConditions":"0","showConditions":"","showConditionsOperator":"","usePaypalIfChecked":"0","useDistanceAsQt":"0","distanceQt":"","hideQtSummary":"0","defaultValue":"","fileSize":"25","firstValueDisabled":"0","sliderStep":"1","date_allowPast":"0","date_showMonths":"0","date_showYears":"0","shortcode":"","minTime":"","maxTime":"","dontAddToTotal":"0","useCalculationQt":"0","calculationQt":"","placeholder":"","validation":"","validationMin":"0","validationMax":"0","validationCaracts":""},{"id":"24","title":"Mobile App","description":"","ordersort":"0","image":"uploads\/2017\/05\/mobile-marketing-64.png","imageDes":"","groupitems":"web_or_website","type":"picture","stepID":"9","formID":"1","price":"0","operation":"+","ischecked":"0","isRequired":"0","quantity_enabled":"0","quantity_max":"5","quantity_min":"0","reduc_enabled":"0","reduc_qt":"0","reduc_value":"0","reducsQt":"","isWooLinked":"0","wooProductID":"0","wooVariation":"0","eddProductID":"0","eddVariation":"0","imageTint":"1","showPrice":"0","useRow":"0","optionsValues":"","urlTarget":"","showInSummary":"1","richtext":"","isHidden":"0","minSize":"0","maxSize":"0","isNumeric":"0","isSinglePrice":"0","maxFiles":"0","allowedFiles":".png,.jpg,.jpeg,.gif,.zip,.rar","useCalculation":"0","calculation":"","fieldType":"","useShowConditions":"0","showConditions":"","showConditionsOperator":"","usePaypalIfChecked":"0","useDistanceAsQt":"0","distanceQt":"","hideQtSummary":"0","defaultValue":"","fileSize":"25","firstValueDisabled":"0","sliderStep":"1","date_allowPast":"0","date_showMonths":"0","date_showYears":"0","shortcode":"","minTime":"","maxTime":"","dontAddToTotal":"0","useCalculationQt":"0","calculationQt":"","placeholder":"","validation":"","validationMin":"0","validationMax":"0","validationCaracts":""},{"id":"25","title":"Financial","description":"","ordersort":"0","image":"uploads\/2017\/05\/combo-64.png","imageDes":"","groupitems":"app_type","type":"picture","stepID":"11","formID":"1","price":"800","operation":"+","ischecked":"0","isRequired":"0","quantity_enabled":"0","quantity_max":"5","quantity_min":"0","reduc_enabled":"0","reduc_qt":"0","reduc_value":"0","reducsQt":"","isWooLinked":"0","wooProductID":"0","wooVariation":"0","eddProductID":"0","eddVariation":"0","imageTint":"1","showPrice":"0","useRow":"0","optionsValues":"","urlTarget":"","showInSummary":"1","richtext":"","isHidden":"0","minSize":"0","maxSize":"0","isNumeric":"0","isSinglePrice":"0","maxFiles":"0","allowedFiles":".png,.jpg,.jpeg,.gif,.zip,.rar","useCalculation":"0","calculation":"","fieldType":"","useShowConditions":"0","showConditions":"","showConditionsOperator":"","usePaypalIfChecked":"0","useDistanceAsQt":"0","distanceQt":"","hideQtSummary":"0","defaultValue":"","fileSize":"25","firstValueDisabled":"0","sliderStep":"1","date_allowPast":"0","date_showMonths":"0","date_showYears":"0","shortcode":"","minTime":"","maxTime":"","dontAddToTotal":"0","useCalculationQt":"0","calculationQt":"","placeholder":"","validation":"","validationMin":"0","validationMax":"0","validationCaracts":""},{"id":"26","title":"Portfolio","description":"","ordersort":"0","image":"uploads\/2017\/05\/photo-64.png","imageDes":"","groupitems":"app_type","type":"picture","stepID":"11","formID":"1","price":"500","operation":"+","ischecked":"0","isRequired":"0","quantity_enabled":"0","quantity_max":"5","quantity_min":"0","reduc_enabled":"0","reduc_qt":"0","reduc_value":"0","reducsQt":"","isWooLinked":"0","wooProductID":"0","wooVariation":"0","eddProductID":"0","eddVariation":"0","imageTint":"1","showPrice":"0","useRow":"0","optionsValues":"","urlTarget":"","showInSummary":"1","richtext":"","isHidden":"0","minSize":"0","maxSize":"0","isNumeric":"0","isSinglePrice":"0","maxFiles":"0","allowedFiles":".png,.jpg,.jpeg,.gif,.zip,.rar","useCalculation":"0","calculation":"","fieldType":"","useShowConditions":"0","showConditions":"","showConditionsOperator":"","usePaypalIfChecked":"0","useDistanceAsQt":"0","distanceQt":"","hideQtSummary":"0","defaultValue":"","fileSize":"25","firstValueDisabled":"0","sliderStep":"1","date_allowPast":"0","date_showMonths":"0","date_showYears":"0","shortcode":"","minTime":"","maxTime":"","dontAddToTotal":"0","useCalculationQt":"0","calculationQt":"","placeholder":"","validation":"","validationMin":"0","validationMax":"0","validationCaracts":""},{"id":"27","title":"Game","description":"2D game only","ordersort":"0","image":"uploads\/2017\/05\/joystick-64.png","imageDes":"","groupitems":"app_type","type":"picture","stepID":"11","formID":"1","price":"2500","operation":"+","ischecked":"0","isRequired":"0","quantity_enabled":"0","quantity_max":"5","quantity_min":"0","reduc_enabled":"0","reduc_qt":"0","reduc_value":"0","reducsQt":"","isWooLinked":"0","wooProductID":"0","wooVariation":"0","eddProductID":"0","eddVariation":"0","imageTint":"1","showPrice":"0","useRow":"0","optionsValues":"","urlTarget":"","showInSummary":"1","richtext":"","isHidden":"0","minSize":"0","maxSize":"0","isNumeric":"0","isSinglePrice":"0","maxFiles":"0","allowedFiles":".png,.jpg,.jpeg,.gif,.zip,.rar","useCalculation":"0","calculation":"","fieldType":"","useShowConditions":"0","showConditions":"","showConditionsOperator":"","usePaypalIfChecked":"0","useDistanceAsQt":"0","distanceQt":"","hideQtSummary":"0","defaultValue":"","fileSize":"25","firstValueDisabled":"0","sliderStep":"1","date_allowPast":"0","date_showMonths":"0","date_showYears":"0","shortcode":"","minTime":"","maxTime":"","dontAddToTotal":"0","useCalculationQt":"0","calculationQt":"","placeholder":"","validation":"","validationMin":"0","validationMax":"0","validationCaracts":""},{"id":"28","title":"Do you provide the graphics ?","description":"","ordersort":"0","image":"","imageDes":"","groupitems":"","type":"checkbox","stepID":"12","formID":"1","price":"800","operation":"-","ischecked":"1","isRequired":"0","quantity_enabled":"0","quantity_max":"5","quantity_min":"0","reduc_enabled":"0","reduc_qt":"0","reduc_value":"0","reducsQt":"","isWooLinked":"0","wooProductID":"0","wooVariation":"0","eddProductID":"0","eddVariation":"0","imageTint":"1","showPrice":"0","useRow":"0","optionsValues":"","urlTarget":"","showInSummary":"1","richtext":"","isHidden":"0","minSize":"0","maxSize":"0","isNumeric":"0","isSinglePrice":"0","maxFiles":"0","allowedFiles":".png,.jpg,.jpeg,.gif,.zip,.rar","useCalculation":"0","calculation":"","fieldType":"","useShowConditions":"0","showConditions":"","showConditionsOperator":"","usePaypalIfChecked":"0","useDistanceAsQt":"0","distanceQt":"","hideQtSummary":"0","defaultValue":"","fileSize":"25","firstValueDisabled":"0","sliderStep":"1","date_allowPast":"0","date_showMonths":"0","date_showYears":"0","shortcode":"","minTime":"","maxTime":"","dontAddToTotal":"0","useCalculationQt":"0","calculationQt":"","placeholder":"","validation":"","validationMin":"0","validationMax":"0","validationCaracts":""},{"id":"29","title":"iPhone","description":"","ordersort":"0","image":"uploads\/2017\/05\/iphone-64.png","imageDes":"","groupitems":"","type":"picture","stepID":"13","formID":"1","price":"500","operation":"+","ischecked":"1","isRequired":"0","quantity_enabled":"0","quantity_max":"5","quantity_min":"0","reduc_enabled":"0","reduc_qt":"0","reduc_value":"0","reducsQt":"","isWooLinked":"0","wooProductID":"0","wooVariation":"0","eddProductID":"0","eddVariation":"0","imageTint":"1","showPrice":"0","useRow":"0","optionsValues":"","urlTarget":"","showInSummary":"1","richtext":"","isHidden":"0","minSize":"0","maxSize":"0","isNumeric":"0","isSinglePrice":"0","maxFiles":"0","allowedFiles":".png,.jpg,.jpeg,.gif,.zip,.rar","useCalculation":"0","calculation":"","fieldType":"","useShowConditions":"0","showConditions":"","showConditionsOperator":"","usePaypalIfChecked":"0","useDistanceAsQt":"0","distanceQt":"","hideQtSummary":"0","defaultValue":"","fileSize":"25","firstValueDisabled":"0","sliderStep":"1","date_allowPast":"0","date_showMonths":"0","date_showYears":"0","shortcode":"","minTime":"","maxTime":"","dontAddToTotal":"0","useCalculationQt":"0","calculationQt":"","placeholder":"","validation":"","validationMin":"0","validationMax":"0","validationCaracts":""},{"id":"30","title":"Android","description":"","ordersort":"0","image":"uploads\/2017\/05\/android-64.png","imageDes":"","groupitems":"","type":"picture","stepID":"13","formID":"1","price":"500","operation":"+","ischecked":"0","isRequired":"0","quantity_enabled":"0","quantity_max":"5","quantity_min":"0","reduc_enabled":"0","reduc_qt":"0","reduc_value":"0","reducsQt":"","isWooLinked":"0","wooProductID":"0","wooVariation":"0","eddProductID":"0","eddVariation":"0","imageTint":"1","showPrice":"0","useRow":"0","optionsValues":"","urlTarget":"","showInSummary":"1","richtext":"","isHidden":"0","minSize":"0","maxSize":"0","isNumeric":"0","isSinglePrice":"0","maxFiles":"0","allowedFiles":".png,.jpg,.jpeg,.gif,.zip,.rar","useCalculation":"0","calculation":"","fieldType":"","useShowConditions":"0","showConditions":"","showConditionsOperator":"","usePaypalIfChecked":"0","useDistanceAsQt":"0","distanceQt":"","hideQtSummary":"0","defaultValue":"","fileSize":"25","firstValueDisabled":"0","sliderStep":"1","date_allowPast":"0","date_showMonths":"0","date_showYears":"0","shortcode":"","minTime":"","maxTime":"","dontAddToTotal":"0","useCalculationQt":"0","calculationQt":"","placeholder":"","validation":"","validationMin":"0","validationMax":"0","validationCaracts":""},{"id":"31","title":"Windows Phone","description":"","ordersort":"0","image":"uploads\/2017\/05\/windows-64.png","imageDes":"","groupitems":"","type":"picture","stepID":"13","formID":"1","price":"500","operation":"+","ischecked":"0","isRequired":"0","quantity_enabled":"0","quantity_max":"5","quantity_min":"0","reduc_enabled":"0","reduc_qt":"0","reduc_value":"0","reducsQt":"","isWooLinked":"0","wooProductID":"0","wooVariation":"0","eddProductID":"0","eddVariation":"0","imageTint":"1","showPrice":"0","useRow":"0","optionsValues":"","urlTarget":"","showInSummary":"1","richtext":"","isHidden":"0","minSize":"0","maxSize":"0","isNumeric":"0","isSinglePrice":"0","maxFiles":"0","allowedFiles":".png,.jpg,.jpeg,.gif,.zip,.rar","useCalculation":"0","calculation":"","fieldType":"","useShowConditions":"0","showConditions":"","showConditionsOperator":"","usePaypalIfChecked":"0","useDistanceAsQt":"0","distanceQt":"","hideQtSummary":"0","defaultValue":"","fileSize":"25","firstValueDisabled":"0","sliderStep":"1","date_allowPast":"0","date_showMonths":"0","date_showYears":"0","shortcode":"","minTime":"","maxTime":"","dontAddToTotal":"0","useCalculationQt":"0","calculationQt":"","placeholder":"","validation":"","validationMin":"0","validationMax":"0","validationCaracts":""},{"id":"58","title":"Enter your email here","description":"","ordersort":"0","image":"","imageDes":"","groupitems":"","type":"textfield","stepID":"0","formID":"1","price":"0","operation":"+","ischecked":"0","isRequired":"1","quantity_enabled":"0","quantity_max":"0","quantity_min":"0","reduc_enabled":"0","reduc_qt":"0","reduc_value":"0","reducsQt":"","isWooLinked":null,"wooProductID":"0","wooVariation":"0","eddProductID":"0","eddVariation":"0","imageTint":"0","showPrice":"0","useRow":"1","optionsValues":"","urlTarget":"","showInSummary":"1","richtext":"","isHidden":"0","minSize":"0","maxSize":"0","isNumeric":"0","isSinglePrice":"0","maxFiles":"0","allowedFiles":".png,.jpg,.jpeg,.gif,.zip,.rar","useCalculation":"0","calculation":"","fieldType":"email","useShowConditions":"0","showConditions":"","showConditionsOperator":"","usePaypalIfChecked":"0","useDistanceAsQt":"0","distanceQt":"","hideQtSummary":"0","defaultValue":"","fileSize":"25","firstValueDisabled":"0","sliderStep":"1","date_allowPast":"0","date_showMonths":"0","date_showYears":"0","shortcode":"","minTime":"","maxTime":"","dontAddToTotal":"0","useCalculationQt":"0","calculationQt":"","placeholder":"your@email.here","validation":"email","validationMin":"0","validationMax":"0","validationCaracts":""},{"id":"62","title":"Do you want to leave a message ?","description":"","ordersort":"1","image":"","imageDes":"","groupitems":"","type":"checkbox","stepID":"0","formID":"1","price":"0","operation":"+","ischecked":null,"isRequired":null,"quantity_enabled":null,"quantity_max":"0","quantity_min":"0","reduc_enabled":"0","reduc_qt":"0","reduc_value":"0","reducsQt":"","isWooLinked":null,"wooProductID":"0","wooVariation":"0","eddProductID":"0","eddVariation":"0","imageTint":null,"showPrice":null,"useRow":"1","optionsValues":"","urlTarget":"","showInSummary":"0","richtext":"","isHidden":"0","minSize":"0","maxSize":"0","isNumeric":"0","isSinglePrice":"0","maxFiles":"0","allowedFiles":".png,.jpg,.jpeg,.gif,.zip,.rar","useCalculation":"0","calculation":"","fieldType":"","useShowConditions":"0","showConditions":"","showConditionsOperator":"","usePaypalIfChecked":"0","useDistanceAsQt":"0","distanceQt":"","hideQtSummary":"0","defaultValue":"","fileSize":"25","firstValueDisabled":"0","sliderStep":"1","date_allowPast":"0","date_showMonths":"0","date_showYears":"0","shortcode":"","minTime":"","maxTime":"","dontAddToTotal":"0","useCalculationQt":"0","calculationQt":"","placeholder":"","validation":"","validationMin":"0","validationMax":"0","validationCaracts":""},{"id":"63","title":"Do you want to leave a message ?","description":"","ordersort":"1","image":"","imageDes":"","groupitems":"","type":"textarea","stepID":"0","formID":"1","price":"0","operation":"+","ischecked":null,"isRequired":"0","quantity_enabled":null,"quantity_max":"0","quantity_min":"0","reduc_enabled":"0","reduc_qt":"0","reduc_value":"0","reducsQt":"","isWooLinked":null,"wooProductID":"0","wooVariation":"0","eddProductID":"0","eddVariation":"0","imageTint":null,"showPrice":null,"useRow":"1","optionsValues":"","urlTarget":"","showInSummary":"1","richtext":"","isHidden":"0","minSize":"0","maxSize":"0","isNumeric":"0","isSinglePrice":"0","maxFiles":"0","allowedFiles":".png,.jpg,.jpeg,.gif,.zip,.rar","useCalculation":"0","calculation":"","fieldType":"","useShowConditions":"1","showConditions":"[{\"interaction\":\"0_62\",\"action\":\"clicked\"}]","showConditionsOperator":"","usePaypalIfChecked":"0","useDistanceAsQt":"0","distanceQt":"","hideQtSummary":"0","defaultValue":"","fileSize":"25","firstValueDisabled":"0","sliderStep":"1","date_allowPast":"0","date_showMonths":"0","date_showYears":"0","shortcode":"","minTime":"","maxTime":"","dontAddToTotal":"0","useCalculationQt":"0","calculationQt":"","placeholder":"","validation":"","validationMin":"0","validationMax":"0","validationCaracts":""}]}